{
  "categories": [
    {"id": "1", "category_name": "Είδος 1"},
    {"id": "2", "category_name": "Είδος 2"},
    {"id": "5", "category_name": "Food"},
    {"id": "6", "category_name": "Beverages"},
    {"id": "7", "category_name": "Clothing"},
    {"id": "9", "category_name": "2d hacker"},
    {"id": "10", "category_name": ""},
    {"id": "11", "category_name": "Test"},
    {"id": "13", "category_name": "-----"},
    {"id": "14", "category_name": "Flood"},
    {"id": "15", "category_name": "new cat"},
    {"id": "16", "category_name": "Medical Supplies"},
    {"id": "19", "category_name": "Shoes"},
    {"id": "21", "category_name": "Personal Hygiene "},
    {"id": "22", "category_name": "Cleaning Supplies"},
    {"id": "23", "category_name": "Tools"},
    {"id": "24", "category_name": "Kitchen Supplies"},
    {"id": "25", "category_name": "Baby Essentials"},
    {"id": "26", "category_name": "Insect Repellents"},
    {"id": "27", "category_name": "Electronic Devices"},
    {"id": "28", "category_name": "Cold weather"},
    {"id": "29", "category_name": "Animal Food"},
    {"id": "30", "category_name": "Financial support"},
    {"id": "33", "category_name": "Cleaning Supplies."},
    {"id": "34", "category_name": "Hot Weather"},
    {"id": "35", "category_name": "First Aid "},
    {"id": "39", "category_name": "Test_0"}
  ],
  "items": [
    {"id": "16", "name": "Water", "category": "6", "details": [{"detail_name": "volume", "detail_value": "1.5l"}]},
    {"id": "17", "name": "Orange juice", "category": "6", "details": [{"detail_name": "volume", "detail_value": "250ml"}]},
    {"id": "18", "name": "Sardines", "category": "5", "details": [{"detail_name": "weight", "detail_value": "200g"}]},
    {"id": "19", "name": "Canned corn", "category": "5", "details": [{"detail_name": "weight", "detail_value": "500g"}]},
    {"id": "20", "name": "Bread", "category": "5", "details": [{"detail_name": "weight", "detail_value": "1kg"}]},
    {"id": "21", "name": "Chocolate", "category": "5", "details": [{"detail_name": "weight", "detail_value": "100g"}]},
    {"id": "22", "name": "Men Sneakers", "category": "7", "details": [{"detail_name": "size", "detail_value": "44"}]},
    {"id": "23", "name": "Test Product", "category": "9", "details": [{"detail_name": "weight", "detail_value": "500g"}]},
    {"id": "24", "name": "Test Val", "category": "14", "details": [{"detail_name": "Details", "detail_value": "600ml"}]},
    {"id": "25", "name": "Spaghetti", "category": "5", "details": [{"detail_name": "grams", "detail_value": "500"}]},
    {"id": "26", "name": "Croissant", "category": "5", "details": [{"detail_name": "calories", "detail_value": "200"}]},
    {"id": "28", "name": "", "category": "10", "details": [{"detail_name": "", "detail_value": ""}]},
    {"id": "29", "name": "Biscuits", "category": "5", "details": [{"detail_name": "", "detail_value": ""}]},
    {"id": "30", "name": "Bandages", "category": "16", "details": [{"detail_name": "", "detail_value": "25 pcs"}]},
    {"id": "31", "name": "Disposable gloves", "category": "16", "details": [{"detail_name": "", "detail_value": "100 pcs"}]},
    {"id": "32", "name": "Gauze", "category": "16", "details": [{"detail_name": "", "detail_value": ""}]},
    {"id": "33", "name": "Antiseptic", "category": "16", "details": [{"detail_name": "", "detail_value": "250ml"}]},
    {"id": "34", "name": "First Aid Kit", "category": "16", "details": [{"detail_name": "", "detail_value": ""}]},
    {"id": "35", "name": "Painkillers", "category": "16", "details": [{"detail_name": "volume", "detail_value": "200mg"}]},
    {"id": "36", "name": "Blanket", "category": "7", "details": [{"detail_name": "size", "detail_value": "50\" x 60\""}]},
    {"id": "37", "name": "Fakes", "category": "5", "details": [{"detail_name": "", "detail_value": ""}]},
    {"id": "38", "name": "Menstrual Pads", "category": "21", "details": [{"detail_name": "stock", "detail_value": "500"}]},
    {"id": "39", "name": "Tampon", "category": "21", "details": [{"detail_name": "stock", "detail_value": "500"}]},
    {"id": "40", "name": "Toilet Paper", "category": "21", "details": [{"detail_name": "stock", "detail_value": "300"}]},
    {"id": "41", "name": "Baby wipes", "category": "21", "details": [{"detail_name": "volume", "detail_value": "500gr"}]},
    {"id": "42", "name": "Toothbrush", "category": "21", "details": [{"detail_name": "stock", "detail_value": "500"}]},
    {"id": "43", "name": "Toothpaste", "category": "21", "details": [{"detail_name": "stock", "detail_value": "250"}]},
    {"id": "44", "name": "Vitamin C", "category": "16", "details": [{"detail_name": "stock", "detail_value": "200"}]},
    {"id": "45", "name": "Multivitamines", "category": "16", "details": [{"detail_name": "stock", "detail_value": "200"}]},
    {"id": "46", "name": "Paracetamol", "category": "16", "details": [{"detail_name": "dosage", "detail_value": "500mg"}]},
    {"id": "47", "name": "Ibuprofen", "category": "16", "details": [{"detail_name": "stock ", "detail_value": "10"}]},
    {"id": "48", "name": "", "category": "10", "details": [{"detail_name": "", "detail_value": ""}]},
    {"id": "49", "name": "", "category": "10", "details": [{"detail_name": "", "detail_value": ""}]},
    {"id": "50", "name": "", "category": "10", "details": [{"detail_name": "", "detail_value": ""}]},
    {"id": "51", "name": "Cleaning rag", "category": "22", "details": [{"detail_name": "", "detail_value": ""}]},
    {"id": "52", "name": "Sponge", "category": "22", "details": [{"detail_name": "quantity", "detail_value": "5"}]},
    {"id": "53", "name": "Winter hat", "category": "28", "details": [{"detail_name": "size", "detail_value": "medium"}]},
    {"id": "54", "name": "Winter gloves", "category": "28", "details": [{"detail_name": "size", "detail_value": "large"}]},
    {"id": "55", "name": "Scarf", "category": "28", "details": [{"detail_name": "size", "detail_value": "standard"}]},
    {"id": "56", "name": "Thermos", "category": "28", "details": [{"detail_name": "volume", "detail_value": "1l"}]},
    {"id": "57", "name": "Tea", "category": "6", "details": [{"detail_name": "weight", "detail_value": "50g"}]},
    {"id": "58", "name": "Dog Food", "category": "29", "details": [{"detail_name": "weight", "detail_value": "2kg"}]},
    {"id": "59", "name": "Cat Food", "category": "29", "details": [{"detail_name": "weight", "detail_value": "1.5kg"}]},
    {"id": "60", "name": "Canned", "category": "5", "details": [{"detail_name": "type", "detail_value": "mixed vegetables"}]},
    {"id": "61", "name": "Chlorine", "category": "22", "details": [{"detail_name": "volume", "detail_value": "1l"}]},
    {"id": "62", "name": "Medical gloves", "category": "22", "details": [{"detail_name": "quantity", "detail_value": "100"}]},
    {"id": "63", "name": "T-Shirt", "category": "7", "details": [{"detail_name": "size", "detail_value": "M"}]},
    {"id": "64", "name": "Cooling Fan", "category": "34", "details": [{"detail_name": "power", "detail_value": "50W"}]},
    {"id": "65", "name": "Cool Scarf", "category": "34", "details": [{"detail_name": "type", "detail_value": "reusable"}]},
    {"id": "66", "name": "Whistle", "category": "23", "details": [{"detail_name": "material", "detail_value": "metal"}]},
    {"id": "67", "name": "Blankets", "category": "28", "details": [{"detail_name": "material", "detail_value": "wool"}]},
    {"id": "68", "name": "Sleeping Bag", "category": "28", "details": [{"detail_name": "type", "detail_value": "down"}]},
    {"id": "69", "name": "Toothbrush", "category": "21", "details": [{"detail_name": "brand", "detail_value": "Oral-B"}]},
    {"id": "70", "name": "Toothpaste", "category": "21", "details": [{"detail_name": "flavor", "detail_value": "mint"}]},
    {"id": "71", "name": "Thermometer", "category": "16", "details": [{"detail_name": "type", "detail_value": "digital"}]},
    {"id": "72", "name": "Rice", "category": "5", "details": [{"detail_name": "weight", "detail_value": "1kg"}]},
    {"id": "73", "name": "Bread", "category": "5", "details": [{"detail_name": "weight", "detail_value": "800g"}]},
    {"id": "74", "name": "Towels", "category": "22", "details": [{"detail_name": "size", "detail_value": "large"}]},
    {"id": "75", "name": "Wet Wipes", "category": "22", "details": [{"detail_name": "pack size", "detail_value": "60 wipes"}]},
    {"id": "76", "name": "Fire Extinguisher", "category": "23", "details": [{"detail_name": "type", "detail_value": "ABC"}]},
    {"id": "77", "name": "Fruits", "category": "5", "details": [{"detail_name": "type", "detail_value": "mixed"}]},
    {"id": "78", "name": "Duct Tape", "category": "23", "details": [{"detail_name": "length", "detail_value": "50m"}]},
    {"id": "79", "name": "Αθλητικά", "category": "19", "details": [{"detail_name": "type", "detail_value": "running shoes"}]},
    {"id": "80", "name": "Πασατέμπο", "category": "5", "details": [{"detail_name": "weight", "detail_value": "200g"}]},
    {"id": "81", "name": "Bandages", "category": "35", "details": [{"detail_name": "", "detail_value": "50 pcs"}]},
    {"id": "82", "name": "Betadine", "category": "35", "details": [{"detail_name": "volume", "detail_value": "100ml"}]},
    {"id": "83", "name": "cotton wool", "category": "35", "details": [{"detail_name": "quantity", "detail_value": "200g"}]},
    {"id": "84", "name": "Crackers", "category": "5", "details": [{"detail_name": "weight", "detail_value": "250g"}]},
    {"id": "85", "name": "Sanitary Pads", "category": "21", "details": [{"detail_name": "stock", "detail_value": "200"}]},
    {"id": "86", "name": "Sanitary wipes", "category": "21", "details": [{"detail_name": "quantity", "detail_value": "100"}]},
    {"id": "87", "name": "Electrolytes", "category": "16", "details": [{"detail_name": "quantity", "detail_value": "30 packets"}]},
    {"id": "88", "name": "Pain killers", "category": "16", "details": [{"detail_name": "stock", "detail_value": "200 tablets"}]},
    {"id": "89", "name": "Flashlight", "category": "23", "details": [{"detail_name": "battery type", "detail_value": "AA"}]},
    {"id": "90", "name": "Juice", "category": "6", "details": [{"detail_name": "volume", "detail_value": "1l"}]},
    {"id": "91", "name": "Toilet Paper", "category": "21", "details": [{"detail_name": "quantity", "detail_value": "12 rolls"}]},
    {"id": "92", "name": "Sterilized Saline", "category": "16", "details": [{"detail_name": "volume", "detail_value": "500ml"}]},
    {"id": "93", "name": "Biscuits", "category": "5", "details": [{"detail_name": "pack size", "detail_value": "200g"}]},
    {"id": "94", "name": "Antihistamines", "category": "16", "details": [{"detail_name": "stock", "detail_value": "100 tablets"}]},
    {"id": "95", "name": "Instant Pancake Mix", "category": "5", "details": [{"detail_name": "weight", "detail_value": "500g"}]},
    {"id": "96", "name": "Lacta", "category": "5", "details": [{"detail_name": "weight", "detail_value": "100g"}]},
    {"id": "97", "name": "Canned Tuna", "category": "5", "details": [{"detail_name": "weight", "detail_value": "150g"}]},
    {"id": "98", "name": "Batteries", "category": "23", "details": [{"detail_name": "quantity", "detail_value": "10"}]},
    {"id": "99", "name": "Dust Mask", "category": "35", "details": [{"detail_name": "quantity", "detail_value": "50"}]},
    {"id": "100", "name": "Can Opener", "category": "23", "details": [{"detail_name": "material", "detail_value": "stainless steel"}]},
    {"id": "101", "name": "Πατατάκια", "category": "5", "details": [{"detail_name": "weight", "detail_value": "200g"}]},
    {"id": "102", "name": "Σερβιέτες", "category": "21", "details": [{"detail_name": "pack size", "detail_value": "20"}]},
    {"id": "103", "name": "Dry Cranberries", "category": "5", "details": [{"detail_name": "weight", "detail_value": "200g"}]},
    {"id": "104", "name": "Hand Sanitizer", "category": "22", "details": [{"detail_name": "volume", "detail_value": "100ml"}]}
  ]
}
